<?xml version="1.0" encoding="UTF-8"?>
<beans xmlns="http://www.springframework.org/schema/beans"
	xmlns:xsi="http://www.w3.org/2001/XMLSchema-instance"
	xsi:schemaLocation="http://www.springframework.org/schema/beans
        https://www.springframework.org/schema/beans/spring-beans.xsd"
	default-lazy-init="true">

	<bean id="customValueInjection"
		class="org.javaturk.spring.di.ch03.domain.CustomValueInjection">
		<property name="dob" >
			<bean factory-bean="dateFormat" factory-method="parse">
				<constructor-arg value="19-02-2000" />
			</bean>
		</property>
	</bean>
	
		<bean id="dateFormat" class="java.text.SimpleDateFormat">
		<constructor-arg value="dd-MM-yyyy" />
	</bean>

</beans>
