<?xml version="1.0" encoding="UTF-8"?>
<beans xmlns="http://www.springframework.org/schema/beans"
	xmlns:xsi="http://www.w3.org/2001/XMLSchema-instance"
	xsi:schemaLocation="http://www.springframework.org/schema/beans
        https://www.springframework.org/schema/beans/spring-beans.xsd">

	<bean id="abstractParent" abstract="true" class="org.javaturk.spring.di.ch03.domain.AbstractParent">
		<property name="i" value="7" />
		<property name="b" value="true" />
		<property name="s" value="Spring :)" />
		<property name="beanA" ref="beanA" />
	</bean>

	<bean id="child1" class="org.javaturk.spring.di.ch03.domain.ChildOfAbstractParent">
		<property name="d" value="3.14" />
		<property name="beanB" ref="beanB" />
	</bean>
	
	<bean id="child2" parent="abstractParent" class="org.javaturk.spring.di.ch03.domain.ChildOfAbstractParent">
		<property name="d" value="6.28" />
		<property name="beanB" ref="beanB" />
	</bean>
	
		<bean id="child3" parent="abstractParent" class="org.javaturk.spring.di.ch03.domain.ChildOfAbstractParent">
		<property name="s" value="Spring Boot :)" />
		<property name="d" value="6.28" />
		<property name="beanB" ref="beanB" />
	</bean>
	
		<bean id="beanA" class="org.javaturk.spring.di.ch03.domain.BeanA">
		<property name="beanB" ref="beanB" />
	</bean>

	<bean id="beanB" class="org.javaturk.spring.di.ch03.domain.BeanB">
		<property name="beanC" ref="beanC" />
	</bean>

	<bean id="beanC" class="org.javaturk.spring.di.ch03.domain.BeanC" />
</beans>
