<?xml version="1.0" encoding="UTF-8"?>
<beans xmlns="http://www.springframework.org/schema/beans"
    xmlns:xsi="http://www.w3.org/2001/XMLSchema-instance"
    xsi:schemaLocation="http://www.springframework.org/schema/beans
        https://www.springframework.org/schema/beans/spring-beans.xsd">

	<bean id="beanD"
		class="org.javaturk.spring.di.ch04.domain.BeanD">
		<property name="beanC" ref="cBean" />
	</bean>
	
	<bean id="cBean"
		class="org.javaturk.spring.di.ch04.domain.BeanC">
	</bean>
	
	<bean id="beanC"
		class="org.javaturk.spring.di.ch04.domain.BeanC">
	</bean>
	
	<bean id="beanE"
		class="org.javaturk.spring.di.ch04.domain.BeanE">
		<property name="beanD" ref="beanD" />
	</bean>
</beans>