<?xml version="1.0" encoding="UTF-8"?>
<beans xmlns="http://www.springframework.org/schema/beans"
	xmlns:xsi="http://www.w3.org/2001/XMLSchema-instance"
	xsi:schemaLocation="http://www.springframework.org/schema/beans
        https://www.springframework.org/schema/beans/spring-beans.xsd" default-lazy-init="false">

	<bean id="beanA"
		class="org.javaturk.spring.di.ch05.lazy.domain.BeanA" scope="prototype">
		<constructor-arg name="name" value="BEAN-A" />
		<property name="beanB" ref="beanB" />
	</bean>

	<bean id="beanB"
		class="org.javaturk.spring.di.ch05.lazy.domain.BeanB" scope="prototype">
		<constructor-arg name="name" value="BEAN-B" />
	</bean>

	<bean id="beanC"
		class="org.javaturk.spring.di.ch05.lazy.domain.BeanC" scope="prototype">
		<constructor-arg name="beanD" ref="beanD" />
		<constructor-arg name="name" value="BEAN-C" />
	</bean>

	<bean id="beanD"
		class="org.javaturk.spring.di.ch05.lazy.domain.BeanD" scope="prototype">
		<constructor-arg name="name" value="BEAN-D" />
	</bean>
</beans>
