<?xml version="1.0" encoding="UTF-8"?>
<beans xmlns="http://www.springframework.org/schema/beans"
	xmlns:xsi="http://www.w3.org/2001/XMLSchema-instance"
	xsi:schemaLocation="http://www.springframework.org/schema/beans
        https://www.springframework.org/schema/beans/spring-beans.xsd">

	<bean id="beanA1"
		class="org.javaturk.spring.di.ch05.lazy.domain.BeanA">
		<constructor-arg name="name" value="BEAN-A" />
		<property name="beanB" ref="beanB1" />
	</bean>

	<bean id="beanB1"
		class="org.javaturk.spring.di.ch05.lazy.domain.BeanB">
		<constructor-arg name="name" value="BEAN-B" />
	</bean>

	<bean id="beanC1"
		class="org.javaturk.spring.di.ch05.lazy.domain.BeanC">
		<constructor-arg name="beanD" ref="beanD1" />
		<constructor-arg name="name" value="BEAN-C" />
	</bean>

	<bean id="beanD1"
		class="org.javaturk.spring.di.ch05.lazy.domain.BeanD">
		<constructor-arg name="name" value="BEAN-D" />
	</bean>
</beans>
